A-35B (France)|https://old-wiki.warthunder.com/A-35B_(France)
A-4E Early (France)|https://old-wiki.warthunder.com/A-4E_Early_(France)
Br.693AB2|https://old-wiki.warthunder.com/Br.693AB2
C.R.714|https://old-wiki.warthunder.com/C.R.714
D.371|https://old-wiki.warthunder.com/D.371
D.371 H.S.9|https://old-wiki.warthunder.com/D.371_H.S.9
D.373|https://old-wiki.warthunder.com/D.373
D.500|https://old-wiki.warthunder.com/D.500
D.501|https://old-wiki.warthunder.com/D.501
D.520|https://old-wiki.warthunder.com/D.520
F-86K (France)|https://old-wiki.warthunder.com/F-86K_(France)
F.222.2|https://old-wiki.warthunder.com/F.222.2
F6F-5 (France)|https://old-wiki.warthunder.com/F6F-5_(France)
Gladiator Mk I (France)|https://old-wiki.warthunder.com/Gladiator_Mk_I_(France)
H-75A-1|https://old-wiki.warthunder.com/H-75A-1
H-75A-4|https://old-wiki.warthunder.com/H-75A-4
Jaguar A|https://old-wiki.warthunder.com/Jaguar_A
Jaguar E|https://old-wiki.warthunder.com/Jaguar_E
Late 298D|https://old-wiki.warthunder.com/Late_298D
LeO 451 early|https://old-wiki.warthunder.com/LeO_451_early
LeO 451 late|https://old-wiki.warthunder.com/LeO_451_late
M.B.174A-3|https://old-wiki.warthunder.com/M.B.174A-3
M.B.175T|https://old-wiki.warthunder.com/M.B.175T
M.D.450B Ouragan|https://old-wiki.warthunder.com/M.D.450B_Ouragan
M.D.452 IIA|https://old-wiki.warthunder.com/M.D.452_IIA
M.D.452 IIC|https://old-wiki.warthunder.com/M.D.452_IIC
M.S.405C1|https://old-wiki.warthunder.com/M.S.405C1
M.S.406C1|https://old-wiki.warthunder.com/M.S.406C1
M.S.410|https://old-wiki.warthunder.com/M.S.410
Martin 167-A3|https://old-wiki.warthunder.com/Martin_167-A3
Mirage 2000-5F|https://old-wiki.warthunder.com/Mirage_2000-5F
Mirage 2000C-S4|https://old-wiki.warthunder.com/Mirage_2000C-S4
Mirage 2000C-S5|https://old-wiki.warthunder.com/Mirage_2000C-S5
Mirage 2000D-R1|https://old-wiki.warthunder.com/Mirage_2000D-R1
Mirage 5F|https://old-wiki.warthunder.com/Mirage_5F
Mirage F1C|https://old-wiki.warthunder.com/Mirage_F1C
Mirage F1C-200|https://old-wiki.warthunder.com/Mirage_F1C-200
Mirage F1CT|https://old-wiki.warthunder.com/Mirage_F1CT
N.C.223.3|https://old-wiki.warthunder.com/N.C.223.3
Pallier's D.510|https://old-wiki.warthunder.com/Pallier%27s_D.510
PBY-5A Late (France)|https://old-wiki.warthunder.com/PBY-5A_Late_(France)
Potez 630|https://old-wiki.warthunder.com/Potez_630
Potez 631|https://old-wiki.warthunder.com/Potez_631
Potez 633|https://old-wiki.warthunder.com/Potez_633
Rafale C F3-R|https://old-wiki.warthunder.com/Rafale_C_F3-R
Rafale M F3-R|https://old-wiki.warthunder.com/Rafale_M_F3-R
S.O.4050 Vautour IIA|https://old-wiki.warthunder.com/S.O.4050_Vautour_IIA
S.O.4050 Vautour IIB|https://old-wiki.warthunder.com/S.O.4050_Vautour_IIB
S.O.4050 Vautour IIN|https://old-wiki.warthunder.com/S.O.4050_Vautour_IIN
S.O.8000 Narval|https://old-wiki.warthunder.com/S.O.8000_Narval
Super Mystere B2|https://old-wiki.warthunder.com/Super_Mystere_B2
V-156-F|https://old-wiki.warthunder.com/V-156-F
V.G.33C-1|https://old-wiki.warthunder.com/V.G.33C-1
